contract_id,department,vendor_raw,amount_cad,fiscal_year,award_date,description,kind,source_type,source_url,notes
C00001,Public Services and Procurement Canada,"Dayforce, Inc.",350600000,2025-26,2025-06-11,10-year Phoenix pay system replacement (Dayforce HCM platform); 10-year extension option available,procurement,press,https://en.wikipedia.org/wiki/Phoenix_pay_system,"$350.6M per Phoenix pay system reporting (CP rounds to $350M). Ownership coded Canadian at award: TSX/NYSE-listed, Toronto roots via Ceridian/Dayforce Corporation. FLAG: Thoma Bravo (US) announced US$12.3B acquisition Aug 2025 and closed Feb 2026; Dayforce delisted. Vendor record carries the flag."
C00002,Innovation Science and Economic Development Canada,Cohere Inc.,240000000,2024-25,,Up to $240M strategic investment in Cohere Inc.'s $725M project for domestic AI compute capacity; first recipient of the AI Compute Challenge under the Canadian Sovereign AI Compute Strategy (announced Dec 6 2024),investment,press,https://dailyguardian.ca/ottawa-spent-more-than-800m-on-ai-contracts-over-3-years-data-shows/,"Investment, not a procurement contract; reported both ways. Cohere commissioned American-owned CoreWeave to build and operate the Canadian data centre (Wire Report Oct 1 2026; Canadian Shield Institute scores the deal 2/10 on sovereignty)."
C00003,Public Services and Procurement Canada,Teksystems Canada Corp,609761,2025-26,,Procura chatbot pilot; one of five contracts in the Q-1229 written-question response,procurement,press,https://www.thewirereport.ca/2026/10/01/disguise-canadian-feds-frame-u-s-chatbot-contracts-as-ottawa-based-procurement/,"Listed as Ottawa-based in the Q-1229 response; PSPC says the registered business address is in Ottawa. Ultimate owner Allegis Group (US)."
C00004,Public Services and Procurement Canada,Infosys Public Services Inc,145218,2025-26,,Procura chatbot pilot; one of five contracts in the Q-1229 written-question response,procurement,press,https://www.thewirereport.ca/2026/10/01/disguise-canadian-feds-frame-u-s-chatbot-contracts-as-ottawa-based-procurement/,"Listed as Ottawa-based in the Q-1229 response; PSPC says the registered business address is in Ottawa. US subsidiary of Infosys (India)."
C00005,Public Services and Procurement Canada,PricewaterhouseCoopers LLP,248529,2025-26,,Procura chatbot pilot; one of five contracts in the Q-1229 response; the only one opened after the Buy Canadian Policy took effect (Dec 2025),procurement,press,https://www.thewirereport.ca/2026/10/01/disguise-canadian-feds-frame-u-s-chatbot-contracts-as-ottawa-based-procurement/,"Listed as Ottawa-based in the Q-1229 response; PSPC says the registered business address is in Toronto. Ownership coded uncertain: Canadian partnership inside the UK-anchored global PwC network; the Wire Report frames it among US firms."
CW2467514,Public Services and Procurement Canada,IBISKA - Lemay.ai JV,11497500,2026-27,2026-10-02,AI-enhanced cybersecurity for military systems and platforms (DND end user),procurement,canadabuys,https://open.canada.ca/data/dataset/a1acb126-9ce8-40a9-b889-5da2b1dd20cb,Awarded as joint venture; amounts combined from the award notice. Lemay.ai listed on PSPC AI Source List (Ottawa).
CW2438702,Public Services and Procurement Canada,CALIAN LTD.,6740077.95,2026-27,2026-04-17,W7707-257355: Human-Machine Teaming Research (RFP),procurement,canadabuys,https://open.canada.ca/data/dataset/a1acb126-9ce8-40a9-b889-5da2b1dd20cb,DRDC research; AI-adjacent. Borderline by design: kept with flag.
CW2364749,Public Services and Procurement Canada,Louis Tanguay Informatique Inc.,5748750,2024-25,2024-06-21,W7701-247855: Research and development of artificial intelligence algorithms,procurement,canadabuys,https://open.canada.ca/data/dataset/a1acb126-9ce8-40a9-b889-5da2b1dd20cb,
CW2373932,Public Services and Procurement Canada,Thales Digital Solutions,5700000,2025-26,2025-06-06,Machine learning engineering and scientific services,procurement,canadabuys,https://open.canada.ca/data/dataset/a1acb126-9ce8-40a9-b889-5da2b1dd20cb,
CW2343841,Public Services and Procurement Canada,Thales Digital Solutions,4599000,2023-24,2024-01-10,Applications of AI in cyber mission assurance,procurement,canadabuys,https://open.canada.ca/data/dataset/a1acb126-9ce8-40a9-b889-5da2b1dd20cb,
CW2356978,Public Services and Procurement Canada,NewEnergy Community Inc.,3319375,2024-25,2024-04-08,Amd 003: NuEnergy.AI's Machine Trust Platform,procurement,canadabuys,https://open.canada.ca/data/dataset/a1acb126-9ce8-40a9-b889-5da2b1dd20cb,Award notice names NewEnergy Community Inc. as supplier; title references NuEnergy.AI's Machine Trust Platform. Supplier city: Ottawa.
T8080-250141-001,Department of Transport (TC),Experis Canada Inc.,3309600,2025-26,2025-11-28,AI chatbots and robotic process automations for Transport Canada programs,procurement,canadabuys,https://open.canada.ca/data/dataset/a1acb126-9ce8-40a9-b889-5da2b1dd20cb,
CW2441625,Public Services and Procurement Canada,Ecopia Tech Corporation,2424002.09,2025-26,2026-02-25,Ecopia AI Sensor-Agnostic Intelligence Platform,procurement,canadabuys,https://open.canada.ca/data/dataset/a1acb126-9ce8-40a9-b889-5da2b1dd20cb,
7000006948,Department of Agriculture and Agri-Food (AAFC),S.I. SYSTEMS PARTNERSHIP,2260000,2026-27,2026-05-28,NPP TBIPS i3A IT Business Support Services,procurement,canadabuys,https://open.canada.ca/data/dataset/a1acb126-9ce8-40a9-b889-5da2b1dd20cb,Staffing vehicle supporting an AI program (i3A). Borderline by design: kept with flag.
CW2440771,Public Services and Procurement Canada,EARTHDAILY ANALYTICS CORP.,2232852.16,2025-26,2026-03-06,"SMATAK: space-based monitoring, alerts and tactical awareness knowledge",procurement,canadabuys,https://open.canada.ca/data/dataset/a1acb126-9ce8-40a9-b889-5da2b1dd20cb,
CW2431472,Public Services and Procurement Canada,Chaac Technologies,1571173.19,2025-26,2025-12-08,"AI-based platform for capturing, analyzing and visualizing (ISC)",procurement,canadabuys,https://open.canada.ca/data/dataset/a1acb126-9ce8-40a9-b889-5da2b1dd20cb,Innovative Solutions Canada stream.
CW2355647,Public Services and Procurement Canada,Orangutech Inc.,1404432.93,2024-25,2024-06-20,Implement and migrate tagIA chatbot to M365,procurement,canadabuys,https://open.canada.ca/data/dataset/a1acb126-9ce8-40a9-b889-5da2b1dd20cb,
CW2441953,Public Services and Procurement Canada,Ada Support,1333757.33,2025-26,2026-02-25,AMD 003 True North AI Transformation: elevating support,procurement,canadabuys,https://open.canada.ca/data/dataset/a1acb126-9ce8-40a9-b889-5da2b1dd20cb,
CW2426568,Public Services and Procurement Canada,Sensequake,1312667.5,2025-26,2025-11-05,Wireless structural health monitoring system (SHM) using IoT sensors,procurement,canadabuys,https://open.canada.ca/data/dataset/a1acb126-9ce8-40a9-b889-5da2b1dd20cb,Innovative Solutions Canada stream.
CW2445657,Public Services and Procurement Canada,IndigenousTech.ai Corporation,1251906.1,2025-26,2026-03-26,ISC-TS9-019725 IndigenousTech.ai,procurement,canadabuys,https://open.canada.ca/data/dataset/a1acb126-9ce8-40a9-b889-5da2b1dd20cb,Innovative Solutions Canada stream. Indigenous-controlled vendor.
9F063-190140/002/SI,Public Services and Procurement Canada,SkyWatch Space Applications Inc.,1128870,2023-24,2023-04-13,Amend 000: AI and Big Data Analytics,procurement,canadabuys,https://open.canada.ca/data/dataset/a1acb126-9ce8-40a9-b889-5da2b1dd20cb,Amendment value as published.
CW2247832,Public Services and Procurement Canada,Ai.Fish,1086450.2,2022-23,2023-03-10,Electronic Monitoring Solution,procurement,canadabuys,https://open.canada.ca/data/dataset/a1acb126-9ce8-40a9-b889-5da2b1dd20cb,Vendor is AI-named; solution is electronic monitoring. Borderline by design: kept with flag.
CW2346338,Public Services and Procurement Canada,Arise Industries,1075760,2023-24,2024-01-29,ISC Phase 2: AI Decryption Service,procurement,canadabuys,https://open.canada.ca/data/dataset/a1acb126-9ce8-40a9-b889-5da2b1dd20cb,Innovative Solutions Canada stream.
K000035008,Shared Services Canada,STONEWORKS TECHNOLOGIES INC,939574.66,2025-26,2025-05-13,Run-AI Software and Support (DND),procurement,canadabuys,https://open.canada.ca/data/dataset/a1acb126-9ce8-40a9-b889-5da2b1dd20cb,"SSC vehicle for DND. Stoneworks is Ottawa-HQ; US-owned since Jul 2023 (Fulcrum IT Partners, Delaware)."
CW2424672,Public Services and Procurement Canada,ResolveHD Inc,793500,2025-26,2025-10-27,Res-AI,procurement,canadabuys,https://open.canada.ca/data/dataset/a1acb126-9ce8-40a9-b889-5da2b1dd20cb,
CW2383338,Public Services and Procurement Canada,CircuitMind Inc,583503.55,2024-25,2024-12-20,AI Software for Photonics Semiconductor Fabrication,procurement,canadabuys,https://open.canada.ca/data/dataset/a1acb126-9ce8-40a9-b889-5da2b1dd20cb,Directed contract (prototype purchase); end user NRC. Award notice lists Toronto supplier address.
B8607-180311/001/XL,Public Services and Procurement Canada,Korah Limited,500000,2023-24,2023-06-09,Litigation AI Analytics Tool,procurement,canadabuys,https://open.canada.ca/data/dataset/a1acb126-9ce8-40a9-b889-5da2b1dd20cb,Amendment value as published.
CW2453479,Public Services and Procurement Canada,Orangutech Inc.,444953,2026-27,2026-05-20,Pathlight.ai,procurement,canadabuys,https://open.canada.ca/data/dataset/a1acb126-9ce8-40a9-b889-5da2b1dd20cb,
CW2346340,Public Services and Procurement Canada,Novacene AI Corp.,431334.5,2023-24,2024-02-01,ISC Phase 2: AI Decryption Service,procurement,canadabuys,https://open.canada.ca/data/dataset/a1acb126-9ce8-40a9-b889-5da2b1dd20cb,Innovative Solutions Canada stream.
T8080-250045,Department of Transport (TC),Donna Cona Inc.,417648,2025-26,2025-09-11,Regulatory Platform Product Betterment (ML/NLP),procurement,canadabuys,https://open.canada.ca/data/dataset/a1acb126-9ce8-40a9-b889-5da2b1dd20cb,
CW2330205,Public Services and Procurement Canada,Levio Conseils inc.,287364.77,2023-24,2024-01-30,Explainable AI for command,procurement,canadabuys,https://open.canada.ca/data/dataset/a1acb126-9ce8-40a9-b889-5da2b1dd20cb,
PC0001-270045,Department of Western Economic Diversification (WD),Industrio AI Inc.,235000,2026-27,2026-10-20,AI-enabled streamlining of grants and contributions delivery,procurement,canadabuys,https://open.canada.ca/data/dataset/a1acb126-9ce8-40a9-b889-5da2b1dd20cb,Award notice status as published: Cancelled. Award date future-dated in source (2026-10-20).
202602248,Canada Revenue Agency (CRA),Blue J Legal Inc.,217102.46,2025-26,2026-02-23,Information Products,procurement,canadabuys,https://open.canada.ca/data/dataset/a1acb126-9ce8-40a9-b889-5da2b1dd20cb,
CW2349911,Public Services and Procurement Canada,Au-Zone Technologies,172462.5,2024-25,2024-06-03,ISC Phase 1: Visual AI for space robotics obstacle detection,procurement,canadabuys,https://open.canada.ca/data/dataset/a1acb126-9ce8-40a9-b889-5da2b1dd20cb,Innovative Solutions Canada stream.
CW2349917,Public Services and Procurement Canada,Complex System Inc,172134.82,2024-25,2024-05-07,ISC Phase 1: Visual AI for space robotics obstacle detection,procurement,canadabuys,https://open.canada.ca/data/dataset/a1acb126-9ce8-40a9-b889-5da2b1dd20cb,Innovative Solutions Canada stream.
K000038022,Shared Services Canada,MINOSE SOLUTIONS LTD.,156733.49,2025-26,2026-02-12,Small form factor AI workstation (DND),procurement,canadabuys,https://open.canada.ca/data/dataset/a1acb126-9ce8-40a9-b889-5da2b1dd20cb,Hardware purchase. Borderline by design: kept with flag. Indigenous-led vendor.
CW2385688,Public Services and Procurement Canada,Ecopia Tech Corporation,146887.66,2024-25,2024-12-20,Ecopia AI Digital Twin Engine,procurement,canadabuys,https://open.canada.ca/data/dataset/a1acb126-9ce8-40a9-b889-5da2b1dd20cb,
K000038080,Shared Services Canada,MINOSE SOLUTIONS LTD.,140736.44,2025-26,2026-02-17,NVIDIA SPARK AI Mini PC (AI workstation),procurement,canadabuys,https://open.canada.ca/data/dataset/a1acb126-9ce8-40a9-b889-5da2b1dd20cb,Hardware purchase. Borderline by design: kept with flag. Indigenous-led vendor.
CW2292544,Public Services and Procurement Canada,"CI Technologies, Inc.",104857.2,2022-23,2023-03-24,Purchase and maintenance of IA Pro software,procurement,canadabuys,https://open.canada.ca/data/dataset/a1acb126-9ce8-40a9-b889-5da2b1dd20cb,Software purchase. Borderline by design: kept with flag.
K000040191,Shared Services Canada,6854265 CANADA INC.,96176.59,2026-27,2026-09-14,NVIDIA DGX SPARK AI Mini PC (AI workstation),procurement,canadabuys,https://open.canada.ca/data/dataset/a1acb126-9ce8-40a9-b889-5da2b1dd20cb,Hardware purchase; numbered-company vendor. Borderline by design: kept with flag.
K000025158,Shared Services Canada,13064204 Canada Inc.,60839.2,2023-24,2023-05-15,Lambda Vector or equivalent AI workstation (NRC),procurement,canadabuys,https://open.canada.ca/data/dataset/a1acb126-9ce8-40a9-b889-5da2b1dd20cb,Hardware purchase; numbered-company vendor. Borderline by design: kept with flag.
CW2405249,Public Services and Procurement Canada,RideShark Corporation,45764.77,2025-26,2025-06-03,AS-161: Automatic AI tracking of GHG emission reductions,procurement,canadabuys,https://open.canada.ca/data/dataset/a1acb126-9ce8-40a9-b889-5da2b1dd20cb,
2024005091,Canada Border Services Agency (CBSA),Anaconda Inc.,21842,2023-24,2023-06-01,Enterprise-level license for data science packages,procurement,canadabuys,https://open.canada.ca/data/dataset/a1acb126-9ce8-40a9-b889-5da2b1dd20cb,"Award notice in USD 16,250; converted at Fed H.10 Jun 1 2023 rate 1.3441."
