canonical_vendor,hq_country,ownership,ownership_evidence_url,name_variants
"Dayforce, Inc.",Canada,canadian,https://www.globenewswire.com/news-release/2024/02/01/2821852/0/en/Ceridian-Becomes-Dayforce.html,Dayforce Inc.|Dayforce|Ceridian
Cohere Inc.,Canada,canadian,https://www.hcamag.com/ca/specialization/transformation/canadian-ai-developer-cohere-to-form-global-ai-powerhouse-through-merger/573051,Cohere Inc.|Cohere
Teksystems,United States,foreign,https://www.thewirereport.ca/2026/10/01/disguise-canadian-feds-frame-u-s-chatbot-contracts-as-ottawa-based-procurement/,Teksystems Canada Corp|Teksystems
Infosys Public Services,United States,foreign,https://www.thewirereport.ca/2026/10/01/disguise-canadian-feds-frame-u-s-chatbot-contracts-as-ottawa-based-procurement/,Infosys Public Services Inc|Infosys
PricewaterhouseCoopers,Canada,uncertain,https://www.thewirereport.ca/2026/10/01/disguise-canadian-feds-frame-u-s-chatbot-contracts-as-ottawa-based-procurement/,PricewaterhouseCoopers LLP|PwC
IBISKA - Lemay.ai JV,Canada,canadian,https://ibiska.com/get-in-touch/,IBISKA - Lemay.ai JV|IBISKA|Lemay.ai JV
Lemay.ai,Canada,canadian,https://www.canada.ca/en/government/system/digital-government/digital-government-innovations/responsible-use-ai/list-interested-artificial-intelligence-ai-suppliers.html,Lemay.ai
Calian,Canada,canadian,https://craft.co/calian-group,CALIAN LTD.|Calian Ltd.|Calian
Louis Tanguay Informatique,Canada,canadian,https://www.canada.ca/en/government/system/digital-government/digital-government-innovations/responsible-use-ai/list-interested-artificial-intelligence-ai-suppliers.html,Louis Tanguay Informatique Inc.|Louis Tanguay Informatique (LTI) Inc.
Thales,France,foreign,https://en.wikipedia.org/wiki/Thales_Group,Thales Digital Solutions|Thales Canada Inc.
NuEnergy.ai,Canada,canadian,https://www.canada.ca/en/government/system/digital-government/digital-government-innovations/responsible-use-ai/list-interested-artificial-intelligence-ai-suppliers.html,NewEnergy Community Inc.|NuEnergy.AI
Experis,United States,foreign,https://en.wikipedia.org/wiki/ManpowerGroup,Experis Canada Inc.|EXPERIS CANADA INC.
Ecopia AI,Canada,canadian,https://craft.co/ecopia-ai/locations,Ecopia Tech Corporation
S.i. Systems,Canada,canadian,https://www.canada.ca/en/government/system/digital-government/digital-government-innovations/responsible-use-ai/list-interested-artificial-intelligence-ai-suppliers.html,S.I. SYSTEMS PARTNERSHIP|S.I. Systems
EarthDaily Analytics,Canada,canadian,https://www.canada.ca/en/government/system/digital-government/digital-government-innovations/responsible-use-ai/list-interested-artificial-intelligence-ai-suppliers.html,EARTHDAILY ANALYTICS CORP.|EarthDaily Analytics Corp.
Chaac Technologies,Canada,canadian,https://truenorthmap.ca/api/export?type=organization-dossier&slug=chaac-technologies,Chaac Technologies
Orangutech,Canada,canadian,https://www.orangutech.com/our-story,Orangutech Inc.
Ada Support,Canada,canadian,https://www.canada.ca/en/government/system/digital-government/digital-government-innovations/responsible-use-ai/list-interested-artificial-intelligence-ai-suppliers.html,Ada Support|Ada Support Inc.
Sensequake,Canada,canadian,https://theorg.com/org/sensequake,Sensequake
IndigenousTech.ai,Canada,canadian,https://www.indigenoustech.ai/about-us/,IndigenousTech.ai Corporation
SkyWatch,Canada,canadian,https://www.osler.com/en/about-us/representative-work/skywatch-space-applications-inc/,SkyWatch Space Applications Inc.
Ai.Fish,United States,foreign,https://em4.fish/industry-focus-ai-fish-and-teemfish-establishing-electronic-monitoring-programs-for-fisheries-of-the-future/,Ai.Fish|Ai.Fish LLC
Arise Industries,Canada,canadian,https://www.can1business.com/company/Active/Arise-Industries-Inc,Arise Industries
Stoneworks Technologies,Canada (US-owned since 2023),foreign,https://www.channele2e.com/news/fulcrum-it-partners-acquires-stoneworks-technologies,STONEWORKS TECHNOLOGIES INC|Stoneworks Technologies Inc.
ResolveHD,Canada,canadian,https://entrevestor.com/home/entry/resolvehd-accepted-into-national-program,ResolveHD Inc|ResolveHD
CircuitMind,Canada,canadian,https://www.can1business.com/company/Active/Circuitmind-Inc,CircuitMind Inc
Korah Limited,Canada,canadian,https://www.canada.ca/en/government/system/digital-government/digital-government-innovations/responsible-use-ai/list-interested-artificial-intelligence-ai-suppliers.html,Korah Limited
Novacene AI,Canada,canadian,https://www.canada.ca/en/government/system/digital-government/digital-government-innovations/responsible-use-ai/list-interested-artificial-intelligence-ai-suppliers.html,Novacene AI Corp.|Novacene AI
Donna Cona,Canada,canadian,https://www.canada.ca/en/government/system/digital-government/digital-government-innovations/responsible-use-ai/list-interested-artificial-intelligence-ai-suppliers.html,Donna Cona Inc.|DONNA CONA INC.|DONNA CONA
Levio,Canada,canadian,https://www.canada.ca/en/government/system/digital-government/digital-government-innovations/responsible-use-ai/list-interested-artificial-intelligence-ai-suppliers.html,Levio Conseils inc.|Levio Conseils Inc.
Blue J Legal,Canada,canadian,https://www.canada.ca/en/government/system/digital-government/digital-government-innovations/responsible-use-ai/list-interested-artificial-intelligence-ai-suppliers.html,Blue J Legal Inc.
Au-Zone Technologies,Canada,canadian,https://www.cbinsights.com/company/au-zone-technologies,Au-Zone Technologies
Complex System Inc,Canada,canadian,https://open.canada.ca/data/dataset/a1acb126-9ce8-40a9-b889-5da2b1dd20cb,Complex System Inc
Minose Solutions,Canada,canadian,https://www.ccib.ca/main/member/minose-solutions/,MINOSE SOLUTIONS LTD.|Minose Solutions Ltd.
CI Technologies,Canada,canadian,https://open.canada.ca/data/dataset/a1acb126-9ce8-40a9-b889-5da2b1dd20cb,"CI Technologies, Inc."
6854265 Canada Inc,Canada,uncertain,https://open.canada.ca/data/dataset/a1acb126-9ce8-40a9-b889-5da2b1dd20cb,6854265 CANADA INC.|6854265 Canada Inc.|6854265 Canada Inc. / Tankatek Inc
13064204 Canada Inc,Canada,uncertain,https://open.canada.ca/data/dataset/a1acb126-9ce8-40a9-b889-5da2b1dd20cb,13064204 Canada Inc.
RideShark Corporation,Canada,canadian,https://open.canada.ca/data/dataset/a1acb126-9ce8-40a9-b889-5da2b1dd20cb,RideShark Corporation
Anaconda Inc,United States,foreign,https://open.canada.ca/data/dataset/a1acb126-9ce8-40a9-b889-5da2b1dd20cb,"Anaconda Inc.|Anaconda, Inc."
